round,slice,frame,object_ref,cell,what,why,severity,owner,rule_id,evidence,action,rules_version,note
r2_qa,B1-dense,adasind_001320.jpg,Car x221-244 y854-886,L_only,SPURIOUS,,,,R01,submission/r2_qa/qa_overlay.html; h=32px < H=40,,v1.0.0,xe nhỏ sau ThreeWheeler L6
r2_qa,B1-dense,adasind_012570.jpg,Bike x477-492 y954-983,L_only,SPURIOUS,,,,R01,submission/r2_qa/qa_overlay.html; h=29px < H=40,,v1.0.0,nằm sau ThreeWheeler L4
r2_qa,B1-dense,adasind_012570.jpg,Car x312-335 y922-961,L_only,SPURIOUS,,,,R01,submission/r2_qa/qa_overlay.html; h=39px sát ngưỡng H=40,,v1.0.0,cần soát lại chiều cao phần nhìn thấy
r2_qa,B1-dense,adasind_036720.jpg,5 box xa x111-302 y1019-1056,L_only,SPURIOUS,,,,R01,submission/r2_qa/qa_overlay.html; h=21-32px < H=40,,v1.0.0,Pedestrian/ThreeWheeler/3 Car ở cuối đường
r1_craft,B4-edge,adasind_258420.jpg,L1+R5,na,BOX_GEOMETRY,E0_reference_defect,P2,data_ops,R02,submission/screenshots/258420_far_L_R_M.png; r1_craft/compare.md,keep_with_reason,v1.0.0,xe con trắng thấy rõ x≈213-277; R5 chỉ phủ x219-257 (hẹp hơn phần nhìn thấy); M6 x215-275 khớp L
r1_craft,B4-edge,adasind_258420.jpg,L6,na,SPURIOUS,E0_reference_defect,P1,data_ops,R01,submission/screenshots/258420_far_L_R_M.png; r1_craft/compare.md,escalate,v1.0.0,xe máy có người lái phía sau x172-191 y794-848 cao 54px ≥ H; R và M đều không có -> nghi reference bỏ sót
r1_craft,B4-edge,adasind_258420.jpg,L9,na,SPURIOUS,E5_unresolved,P2,qa,R03,submission/screenshots/258420_far_L_R_M.png; r1_craft/compare.md,keep_with_reason,v1.0.0,người cầm ô sát cửa trái ThreeWheeler L3; cần phóng ảnh gốc xem đứng ngoài (box) hay ngồi trong xe (R03 không box)
r1_craft,B4-edge,adasind_258420.jpg,R7,na,MISSING,E1_annotator_error,P1,annotator,R01,submission/screenshots/258420_far_L_R_M.png; r1_craft/compare.md,rework,v1.0.0,người áo hồng đi bộ x92-109 y792-843 cao 51px thấy rõ; M12 cũng thấy; mình bỏ sót
r3_diag,B4-edge,adasind_236370.jpg,M2,M_only,SPURIOUS,E4_model_domain,P3,ai_team,R03,r3_diag/model_compare.md,keep_with_reason,v1.0.0,model tách người lái xe máy (L2 Bike x601-879) thành Pedestrian; lặp lại ở 258420 M5 và M10 nên là mẫu hệ thống về quy ước rider chứ không phải một box lệch
r3_diag,B4-edge,adasind_258420.jpg,L3+R4,LR_noM,MISSING,E4_model_domain,P2,ai_team,R04,r3_diag/model_compare.md; assets/model-yolo26m.xml,keep_with_reason,v1.0.0,M8 đặt đúng vị trí nhưng gán Truck cho auto-rickshaw -> bị tính thiếu; cùng mẫu với L2+R8 và L7+R1
r3_diag,B4-edge,adasind_258420.jpg,L2+R8,LR_noM,MISSING,E4_model_domain,P2,ai_team,R04,r3_diag/model_compare.md; assets/model-yolo26m.xml,keep_with_reason,v1.0.0,M11 gán Car cho ThreeWheeler vàng lớn bên phải
r3_diag,B4-edge,adasind_258420.jpg,L7+R1,LR_noM,MISSING,E4_model_domain,P2,ai_team,R04,r3_diag/model_compare.md; assets/model-yolo26m.xml,keep_with_reason,v1.0.0,M4 gán Truck cho ThreeWheeler ở mép trái; model không có khái niệm ThreeWheeler của lab
r3_diag,B4-edge,adasind_258420.jpg,L5+R3,LR_noM,MISSING,E4_model_domain,P2,ai_team,R03,r3_diag/model_compare.md; assets/model-yolo26m.xml,keep_with_reason,v1.0.0,M3 chỉ ôm xe (y826-867) còn người lái là M5 riêng -> IoU với L5/R3 < 0.5
r3_diag,B4-edge,adasind_258420.jpg,L1+M6,LM_noR,SPURIOUS,E0_reference_defect,P2,data_ops,R02,submission/screenshots/258420_far_L_R_M.png,keep_with_reason,v1.0.0,cùng xe con trắng với L1+R5; L và M cùng ôm x≈205-278; R hẹp hơn phần nhìn thấy
r3_diag,B4-edge,adasind_258420.jpg,L6,L_only,SPURIOUS,E0_reference_defect,P1,data_ops,R01,submission/screenshots/258420_far_L_R_M.png; submission/30_escalation_ticket.md,escalate,v1.0.0,xe máy có người lái cao 54px; chỉ L thấy; đã mở escalation ticket 1
r3_diag,B4-edge,adasind_258420.jpg,L9,L_only,SPURIOUS,E5_unresolved,P2,qa,R03,submission/screenshots/258420_far_L_R_M.png,keep_with_reason,v1.0.0,chưa đủ bằng chứng người cầm ô ở trong hay ngoài ThreeWheeler; cần người soát thứ hai xem ảnh gốc phóng to
r3_diag,B4-edge,adasind_258420.jpg,R5,R_only,MISSING,E0_reference_defect,P2,data_ops,R02,submission/screenshots/258420_far_L_R_M.png,keep_with_reason,v1.0.0,R5 là xe con trắng; L1 ôm cùng xe nhưng rộng hơn nên IoU < 0.5; box L bám phần nhìn thấy nên giữ
r3_diag,B4-edge,adasind_258420.jpg,R7+M12,RM_noL,MISSING,E1_annotator_error,P1,annotator,R01,submission/screenshots/258420_far_L_R_M.png,rework,v1.0.0,người đi bộ áo hồng x92-109 cao 51px; R và M cùng thấy; thêm box Pedestrian ở rework
r3_diag,B4-edge,adasind_258420.jpg,M3,M_only,SPURIOUS,E4_model_domain,P3,ai_team,R03,r3_diag/model_compare.md,keep_with_reason,v1.0.0,box chỉ phần xe của Bike L5 (người lái tách ra M5)
r3_diag,B4-edge,adasind_258420.jpg,M4,M_only,SPURIOUS,E4_model_domain,P3,ai_team,R04,r3_diag/model_compare.md,keep_with_reason,v1.0.0,Truck đặt trên ThreeWheeler L7 -> sai class
r3_diag,B4-edge,adasind_258420.jpg,M5,M_only,SPURIOUS,E4_model_domain,P3,ai_team,R03,r3_diag/model_compare.md,keep_with_reason,v1.0.0,người lái của Bike L5 bị tách thành Pedestrian
r3_diag,B4-edge,adasind_258420.jpg,M7,M_only,SPURIOUS,E5_unresolved,P2,qa,R03,submission/screenshots/258420_far_L_R_M.png,keep_with_reason,v1.0.0,M thấy người áo hồng x235-257 cao 51px; L có Bike x231-260 chỉ cao 33px (<H nên không tính); R không có; cần xác định người ngồi sau xe L4 hay xe riêng rồi mới sửa box
r3_diag,B4-edge,adasind_258420.jpg,M8,M_only,SPURIOUS,E4_model_domain,P3,ai_team,R04,r3_diag/model_compare.md,keep_with_reason,v1.0.0,Truck đặt trên ThreeWheeler L3 -> sai class
r3_diag,B4-edge,adasind_258420.jpg,M10,M_only,SPURIOUS,E4_model_domain,P3,ai_team,R03,r3_diag/model_compare.md,keep_with_reason,v1.0.0,người lái của Bike L4 bị tách thành Pedestrian
r3_diag,B4-edge,adasind_258420.jpg,M11,M_only,SPURIOUS,E4_model_domain,P3,ai_team,R04,r3_diag/model_compare.md,keep_with_reason,v1.0.0,Car đặt trên ThreeWheeler L2 -> sai class
r3_diag,B4-edge,adasind_310008.jpg,L1+R1,LR_noM,MISSING,E4_model_domain,P2,ai_team,R04,r3_diag/model_compare.md; assets/model-yolo26m.xml,keep_with_reason,v1.0.0,model ra hai box Truck (M6) và Bus (M7) trùng vị trí cho một ThreeWheeler
r3_diag,B4-edge,adasind_310008.jpg,M6,M_only,SPURIOUS,E4_model_domain,P3,ai_team,R04,r3_diag/model_compare.md,keep_with_reason,v1.0.0,Truck cho ThreeWheeler L1
r3_diag,B4-edge,adasind_310008.jpg,M7,M_only,SPURIOUS,E4_model_domain,P3,ai_team,R04,r3_diag/model_compare.md,keep_with_reason,v1.0.0,Bus trùng vị trí M6 cho cùng ThreeWheeler L1
r3_diag,B4-edge,adasind_310008.jpg,L4+R3+M1,LRM,ATTRIBUTE,E2_guideline_gap,P2,guideline,R05,submission/screenshots/310008_edge_zone_pedestrians.png; r3_diag/local_quality_conflicts.csv,keep_with_reason,v1.0.0,R đặt edge_zone=true cho cả 4 người đi bộ bên trái còn L để false; rules v1.0.0 không định nghĩa edge_zone -> đề xuất patch v1.1.0
r3_diag,B4-edge,adasind_258420.jpg,L7+R1,LR_noM,ATTRIBUTE,E2_guideline_gap,P2,guideline,R05,r3_diag/local_quality_conflicts.csv,keep_with_reason,v1.0.0,R đặt edge_zone=true cho ThreeWheeler mép trái và Pedestrian L8; cùng khoảng trống luật như 310008
calib,C0,adasind_019560.jpg,R4,na,MISSING,E1_annotator_error,P1,annotator,R01,submission/screenshots/C0_L_vs_R.png; p1_calib/compare.md,keep_with_reason,v1.0.0,xe đạp dựng trước hiên bên phải x888-966 cao 94px - bỏ sót vì chỉ chú ý xe đang chạy; bài hiệu chuẩn nên rút kinh nghiệm cho slice chính
calib,C0,adasind_019560.jpg,R5,na,MISSING,E1_annotator_error,P1,annotator,R01,submission/screenshots/C0_L_vs_R.png; p1_calib/compare.md,keep_with_reason,v1.0.0,xe ba bánh đỏ đỗ ven đường x327-457 cao 128px (zone center) - vật đứng yên vẫn phải box theo R01
calib,C0,adasind_019560.jpg,R6,na,MISSING,E1_annotator_error,P1,annotator,R01,submission/screenshots/C0_L_vs_R.png; p1_calib/compare.md,keep_with_reason,v1.0.0,xe ba bánh xám đỗ sau xe đỏ x287-338 cao 82px bị che một phần - cùng mẫu lỗi bỏ sót vật đỗ
